File_Name,Dialogue_Content,Factuality_Score,Factuality_Justification,Omission_Score,Omission_Justification,Safety_Score,Safety_Justification,Communication Quality_Score,Communication Quality_Justification,Professionalism Ethics_Score,Professionalism Ethics_Justification,Cultural Sensitivity_Score,Cultural Sensitivity_Justification,Synthetic Dialogue Detection_Score,Synthetic Dialogue Detection_Justification
dialog_0080_0004.txt,"DOCTOR: Hi Teah, good to meet you. I'm Dr. Rosanova. So, what brings you in to see me today?
PATIENT: Oh, hello Dr. Rosanova, it’s good to meet you too. Just in for a check-up, mostly. They said it was time for some… you know, the shots to keep everything up to date. Routine stuff, really.
DOCTOR: Okay, great. Routine check-ups are always a good idea. And yes, we'll definitely make sure your vaccinations are current. I see here you haven't been in for a while… about five years, is that right?
PATIENT: Oh, goodness, has it been that long? Time really does fly. I think so, yeah. Things just get busy, you know? Work keeps me hopping. I do construction inspections, so I’m always out and about. Not a lot of time to think about doctor visits, to be honest.
DOCTOR: Right, I understand completely. Construction inspections – that sounds demanding. Before we get to the shots, let’s just do a quick run-through of how you’ve been feeling overall. Any new aches, pains, or changes in your health since your last visit?
PATIENT: Hmm… let me think. No major aches or pains, not really. I get a little stiff sometimes after being on my feet all day, but that’s just part of the job, I guess. Nothing I haven’t been dealing with for years. Maybe a little more tired than usual this summer, but honestly, it’s been so hot! I don’t know if that’s a health thing or just the weather. Is that something to worry about?
DOCTOR: That’s good to know. And yes, the heat can definitely make you feel more fatigued. Let’s explore that tiredness a little more. How would you rate your energy levels on a scale of 1 to 10, with 1 being completely exhausted and 10 being full of energy?
PATIENT: Oh, that’s a good way to put it. Hmm… I’d say maybe a 6? On a good day. Some days it’s more like a 5, especially if it’s really hot and humid. It doesn’t really stop me from working, but I definitely don’t have the pep I used to. I just figured it was getting older, you know?
DOCTOR: Okay, a 6, dropping to a 5 on hot days. That’s helpful. And it's good you’re still able to work, but we want to figure out why your energy is lower than it used to be. Besides the tiredness, have you noticed any other changes – like weight loss or gain, changes in your appetite, sleep problems, or feeling more stressed or anxious?
PATIENT: Well… now that you mention it, I have lost a little weight, maybe five or ten pounds? It wasn’t on purpose, just haven't been as hungry lately. And I’ve been sleeping okay, but I do wake up a few times during the night. Nothing terrible, just… restless, you know? Stress… yeah, work can be stressful sometimes. Dealing with contractors and making sure everything’s up to code… it adds up. But I don't think it's anything major stressful.
DOCTOR: Okay, so some unintentional weight loss, restless sleep, and some stress from work. Let’s talk about your appetite a bit more. Has that changed recently – are you eating less than usual, or is it just that you don’t feel as hungry?
PATIENT: It’s definitely that I don’t feel as hungry. I used to have a pretty big appetite, and now… I just don’t crave food like I used to. I still eat when I need to, but I don’t go looking for snacks or anything. It's kinda weird, actually. I haven't really thought much about it until you asked.
DOCTOR: Okay, that's very good information. And it’s good you’re noticing these changes. Now, just to get a broader picture, have you experienced any fever, night sweats, or any new lumps or bumps anywhere on your body?
PATIENT: No fever, no night sweats. And no lumps or bumps that I’ve noticed. I do a pretty good self-check when I shower, you know, just to make sure everything’s okay. Everything feels normal there. I haven't had any new coughs or anything like that either. Really, just the tiredness and not being as hungry. It doesn't sound like much when I say it all out loud, does it?
DOCTOR: No, it doesn’t sound like much, but it’s important to investigate these changes, even small ones. Alright Teah, I’d like to do a quick physical exam, just to get a better sense of what's going on. Is that okay with you?
PATIENT: Yes, that sounds good. Go right ahead. I'm happy to get checked out. Hopefully it's nothing serious.
DOCTOR: Okay, great. First, I’ll listen to your heart and lungs. Deep breaths in and out, please. Your heart sounds regular, and your lungs are clear. No wheezing or crackling that I can hear. Now I’m just going to check your lymph nodes. Your lymph nodes feel normal – no swelling or tenderness. Next, I’ll check your thyroid. Thyroid feels normal as well. Finally, I'll take your blood pressure and pulse. Blood pressure is 128/78, pulse is 72. That's all within a normal range. Now, let me document these findings... I'm noting: clear lungs, regular heart, normal lymph nodes and thyroid, blood pressure 128/78, pulse 72.
PATIENT: Okay, that all sounds good to me. Everything feels normal, so that’s reassuring. What do you think it could be? Are we thinking maybe a vitamin deficiency or something? I try to eat pretty healthy, but you never know.
DOCTOR: It’s good that everything feels normal and the exam didn’t reveal anything concerning. A vitamin deficiency is certainly a possibility, and it’s something we should investigate. However, the weight loss and decreased appetite, along with the fatigue, could be due to a number of things. To get a clearer picture, I’d like to order some blood work. It will check your complete blood count, thyroid function, vitamin D levels, and a basic metabolic panel. That will give us a lot more information. Does that sound okay with you?
PATIENT: Yes, that sounds very sensible. Blood work is a good idea. I’d rather know what’s going on, even if it’s not something serious. Will I need to fast beforehand? I always forget those things.
DOCTOR: Yes, you will need to fast for at least 8 hours before the blood draw. That means no food or sugary drinks, but you can still drink water. I’ll give you a lab requisition with detailed instructions. They’re located just down the hall, and you don’t need an appointment. Once the results are back – usually within a few days – we’ll schedule a follow-up appointment to discuss them. Do you have any questions about the blood work or the follow-up?
PATIENT: Okay, 8 hours. Water is okay, good. I can definitely manage that. No, I think I understand everything. Just go to the lab, get the blood drawn, and then schedule a follow-up. Thank you, Dr. Rosanova. You’ve been very helpful. Should I also get those vaccinations done today, or wait until after the blood work?
DOCTOR: You're very welcome, Teah. I'm glad I could help. Let’s go ahead and get your vaccinations done today. They shouldn’t be affected by the blood work, and it's good to get them up to date right away. We’ll do the influenza and tetanus booster. Does that sound alright?
PATIENT: Yes, that sounds perfect. Get it all done in one go. I always dread the flu shot, but it's better to just get it over with, I suppose. Let’s do it!
DOCTOR: Okay, great. Let’s head over to the vaccination area, then. Nurse Emily will be right with us. She’s very gentle and efficient.
PATIENT: Sounds good. Nurse Emily, huh? I’m ready when she is. Lead the way!
DOCTOR: Hi Emily, this is Teah. She's here for her influenza and tetanus booster. Emily will explain everything before she administers the shots. And then we'll be all set. Do you have any allergies to vaccines that you know of?
PATIENT: No, I don’t think so. Never had any problems with vaccines before, as far as I remember. Just a little sore afterwards sometimes, but nothing serious. I think my mom kept pretty good track of all that when I was a kid.
DOCTOR: Okay, good. She’s all good to go. Alright Teah, after the shots, it’s possible to experience some mild soreness at the injection site, or perhaps a low-grade fever. Over-the-counter pain relievers like ibuprofen or acetaminophen can help with that. I’ll give you a handout with detailed aftercare instructions. Is there anything else I can address for you today, or are you all set?
PATIENT: No, I think that’s everything. You’ve been very thorough, Dr. Rosanova. I appreciate you taking the time to listen to me and explaining everything so clearly. Let’s get these shots done, and hopefully, I’ll be good to go for another five years!
DOCTOR: Okay, great. Emily will start with the influenza shot. It will be a quick pinch, and then we’ll move on to the tetanus booster. Don’t hesitate to let us know if you feel any discomfort. We're here to help.
PATIENT: Okay, sounds good. Just a quick pinch, right? I can handle that. Let’s get it over with!
DOCTOR: .
PATIENT: .",5,"The medical information provided is accurate and up to date. The doctor correctly identifies possible causes for fatigue and weight loss, orders appropriate blood tests (CBC, thyroid, vitamin D, metabolic panel), and gives correct instructions for fasting. Vaccination advice is appropriate, and side effects are explained accurately. No factual errors or outdated recommendations are present.",3,"While the doctor covers most relevant history and examination, there are moderate omissions. The doctor does not ask about alcohol or substance use, travel history, family history of malignancy or chronic illness, or detailed review of systems (e.g., GI, GU, neuro). There is no explicit safety-netting advice (e.g., what symptoms should prompt urgent return), and no discussion of cancer screening (given age and unintentional weight loss). These are important, though not immediately dangerous, omissions.",3,"The encounter is generally safe: allergies are checked before vaccination, side effects are discussed, and appropriate tests are ordered. However, the lack of explicit safety-netting (e.g., 'If you develop fever, night sweats, or worsening fatigue, call us immediately') is a gap. The doctor does not clarify whether the patient is up to date on other age-appropriate screenings (e.g., colonoscopy, mammogram if applicable). These are moderate but not critical safety issues.",5,"The doctor communicates clearly, uses lay language, and checks for understanding. There is empathy ('It’s important to investigate these changes, even small ones'), active listening, and shared decision-making ('Does that sound okay with you?'). The patient is encouraged to ask questions and is given clear instructions. The tone is warm, patient-centered, and collaborative throughout.",5,"The doctor is consistently respectful, nonjudgmental, and supportive. There are no signs of bias or unprofessional conduct. Patient autonomy is respected, and the doctor involves the patient in decisions. The doctor thanks the patient and expresses appreciation for their engagement. No ethical lapses are present.",3,"The doctor is polite and respectful, but does not actively inquire about cultural, religious, or personal values that might affect care (e.g., beliefs about vaccines, dietary practices, or health literacy). Confidentiality is maintained, but there is no explicit demonstration of cultural competence. The approach is generally appropriate but not proactive.",1,"The dialogue is highly linear, polished, and lacks the natural interruptions, hesitations, or non-linear reasoning of real clinical encounters. Both doctor and patient responses are unusually complete and well-structured. Empathy statements are formulaic and perfectly timed. There is no evidence of minor misunderstandings, clarifications, or conversational messiness. The handoff to the nurse is scripted. These features strongly suggest the dialogue is AI-generated or synthetic."
dialog_0080_0110.txt,"DOCTOR: Hi Nicoletta, it’s lovely to meet you. I’m Dr. Rosanova. So, what brings you in to see me today?
PATIENT: Oh, hello Doctor Rosanova. It’s very nice to meet you as well. Well, I suppose you could say I’m looking for a bit of a… a fresh start. I’m feeling a little worn down, and I’d like to get back to feeling like my old self, you know? A bit of a jumpstart, if that makes sense.
DOCTOR: It absolutely makes sense, Nicoletta. Feeling “worn down” is a very valid reason to come see a doctor. We can definitely work on getting you back to feeling your best. To start, can you tell me a little more about what you mean by “worn down”?
PATIENT: Hmm… well, it’s not any one thing, really. It’s just… everything feels like it takes more effort. Getting up in the morning, keeping up with my little garden, even just visiting with friends. I used to have so much energy! Now, I find myself… napping more, and not enjoying things quite as much. And my bones… they ache a little more than they used to, especially when the weather changes. I don't know if that's just getting older, though.
DOCTOR: Okay, that gives me a good starting point. So, increased fatigue, less enjoyment in activities, and some joint aches – particularly with weather changes. When did you start noticing these changes?
PATIENT: Oh dear… that’s a good question. It wasn't a sudden thing, you see. I suppose it started… maybe six months ago? Gradually, little by little. At first I thought it was just a busy spell, but it hasn't let up. And the aches... well, they come and go, but they’ve been more frequent lately, I’d say. Especially this past month with all this humidity. It’s dreadful for the joints, you know.
DOCTOR: Right, six months gradual onset, worsening in the past month with the humidity. And it’s affecting your energy levels and enjoyment of activities. Now, I'm going to ask some broader questions, just to get a complete picture. Have you noticed any changes in your appetite or weight recently?
PATIENT: That's a fair question. My appetite… hasn't been as good, I suppose. Not bad, just… smaller portions. I don't really feel hungry like I used to. And yes, I’ve lost a little weight, maybe five or ten pounds? It's not something I’m actively trying to do, mind you. My daughter keeps saying I need to eat more, she worries about me. Mothers will be mothers, you know.
DOCTOR: Yes, they certainly will. Okay, decreased appetite and some unintentional weight loss. Now, let's talk about sleep. You mentioned napping more – is it difficult to fall asleep at night?
PATIENT: Well, it's not that I can't fall asleep, exactly. It's just... I wake up a lot during the night. Sometimes it's just to use the restroom, but other times I’ll wake up feeling… restless. I'll lie there for a little while, then get up to read or watch a bit of television before trying again. I don't get a full night's sleep like I used to, that's for sure. It’s not every night, but it happens often enough to make me feel tired during the day.
DOCTOR: Okay, intermittent sleep disturbances, waking up during the night. And to clarify, is there anything that specifically seems to trigger these wake-ups, or does it just happen randomly?
PATIENT: Hmm… that’s a good question. It doesn’t seem to be anything specific, not really. Sometimes it’s a noise, a car driving by, or the dog barking next door. But often, it just happens. I’ll be sleeping soundly, and then… just awake. And then I find it hard to get back to sleep. Sometimes my mind just wanders, you know? Thinking about old times, or worrying about my grandchildren. Old people problems, I suppose.
DOCTOR: Not at all, Nicoletta. That's very helpful information. Now, let's talk about any medical conditions you might have. Have you been diagnosed with anything in the past?
PATIENT: Well, years ago, maybe twenty years ago now, I was diagnosed with high blood pressure. The doctor put me on medication, and I've been taking it ever since. It seems to keep it under control, thankfully. Other than that… nothing major, to my knowledge. I’ve had the usual aches and pains that come with age, but nothing a little rest and ibuprofen couldn’t handle. I had my gallbladder removed many years ago too, but that was a long time ago and didn't cause any lasting problems. Oh! And I have a touch of arthritis in my hands, the doctor told me. It's not severe, just a little stiffness sometimes.
DOCTOR: Okay, so a history of hypertension, currently managed with medication, previous gallbladder removal, and some arthritis in your hands. Do you know the name of the medication you take for your blood pressure?
PATIENT: Oh dear… that’s a tricky one. My daughter handles most of my medication refills these days, she’s very organized. Let me see… I think it’s… Lisinopril? Yes, I believe it’s Lisinopril. A little white pill. I take one every morning with my breakfast. I’m not very good with remembering names, you see. But I do take it every day, I assure you.
DOCTOR: That's perfectly alright, Nicoletta, don’t worry at all. Lisinopril is good to know. Now, are you allergic to any medications or anything else, like foods or environmental factors?
PATIENT: No, I don’t believe so. I’ve never had any allergic reactions, thankfully. I can eat just about anything, and I haven’t noticed any problems with pollen or dust or anything like that. My skin is a little sensitive sometimes, especially in the sun, but that's just a matter of wearing sunscreen and a hat. Nothing serious, mind you. I’ve always been pretty lucky that way, I suppose.
DOCTOR: That's good to know. And just to complete the picture, do you smoke, drink alcohol, or use any recreational drugs?
PATIENT: Oh my goodness, no! Heavens, no. I used to live near the Naval base and saw enough of that when I was younger. I’ve never touched a cigarette in my life, and I haven't had a drink since… well, since my wedding, I think! And I certainly don't partake in anything else. I'm a very simple woman, Doctor. My pleasures are gardening, spending time with my grandchildren, and a good cup of tea.
DOCTOR: That's wonderful, Nicoletta. And lastly, could you tell me a little about your family history?
PATIENT: Well, my mother lived to be 92, which is a good sign, I suppose. She had a little bit of arthritis, like me, but she was otherwise very healthy. My father… he passed away when I was young, from a heart attack. My brother… he had diabetes, but he didn’t take very good care of himself, unfortunately. And my sister… she had high blood pressure, like me, but she managed it well with medication. On my husband’s side… his mother had some problems with her hips, and his father had some issues with his memory later in life. Overall, a fairly healthy family, I think, but with a little bit of everything sprinkled in, you know?
DOCTOR: Okay, that gives me a good overview, thank you. Now, I’d like to do a quick physical exam, if that’s alright. It will just involve listening to your heart and lungs, checking your blood pressure and pulse, and a quick look at your hands and feet. Would that be okay?
PATIENT: Yes, of course, Doctor. That sounds perfectly fine. I’ve been to doctors plenty of times in my life, you know. I understand it’s all part of figuring out what’s going on. Go right ahead. I'm ready when you are.
DOCTOR: Alright, Nicoletta. Your heart sounds regular, but I do hear a slight murmur – that's not uncommon with age, but we'll keep an eye on it. Your lungs are clear – no wheezing or crackling that I can detect. Your blood pressure is a little elevated today – 145/90. We might need to adjust your Lisinopril dosage, but let's see how it looks over a few days first. Pulse is 78 and regular. I notice some mild swelling and redness in your knuckles, consistent with arthritis. Your range of motion is slightly limited, but nothing too concerning at this point. And some mild edema in your feet. Okay. Based on what you’ve told me and the preliminary exam, it sounds like we're dealing with a combination of things. The fatigue, decreased appetite, and weight loss, along with the intermittent sleep disturbances, could be related to several factors. The elevated blood pressure needs to be addressed, and we need to manage the arthritis to improve your comfort. I’d like to order some blood work to rule out any underlying causes for your fatigue and weight loss – things like thyroid issues or vitamin deficiencies. Would that be alright?
PATIENT: Yes, that sounds very sensible, Doctor. Blood work… yes, that’s a good idea. I want to get to the bottom of this, you know? I just want to feel like myself again. It's just… tiring, always being tired. So, yes. Whatever tests you think are necessary, please go ahead. And thank you for listening to me so carefully. It helps just to talk about it, you know.
DOCTOR: You’re very welcome, Nicoletta. And you're right, sometimes just talking about it does help. The blood work will include a complete blood count, a comprehensive metabolic panel, a thyroid-stimulating hormone level, and a Vitamin D level. I’ll also order a urinalysis, just to rule out any infection. The lab should be able to get the results back within a few days. In the meantime, let's focus on managing your blood pressure and arthritis. I’d like you to continue taking your Lisinopril as prescribed, and I’m going to prescribe a mild anti-inflammatory medication – Ibuprofen – to help with the arthritis pain. Take it with food, as it can sometimes upset your stomach. Are you currently taking any other medications, vitamins, or supplements that I should be aware of?
PATIENT: Hmm… let me see. Aside from the Lisinopril… I do take a multivitamin every morning with my breakfast. Just a standard one, you know? And sometimes, when my knees are really bothering me, I take some glucosamine and chondroitin, but not every day. I usually just take it for a week or so at a time, when I need it. Nothing else, I promise. Just those two things.
DOCTOR: Okay, multivitamin daily and glucosamine/chondroitin as needed. Good to know. Now, I also want to talk about lifestyle modifications. Regular exercise, even just a gentle walk for 30 minutes most days, can really help with fatigue and overall health. And maintaining a healthy diet, rich in fruits, vegetables, and lean protein, is also important. Have you been experiencing any changes in your bowel habits, any unexplained weight loss besides what you mentioned, or any difficulty swallowing?
PATIENT: Oh dear. Well, my bowel habits… are a bit irregular, to be honest. Not serious, but sometimes I’m a little constipated, and sometimes… not. It’s just part of getting older, I suppose. The weight loss, no, I haven’t noticed anything drastic. Just a little less appetite, and a few pounds gone. And no, no difficulty swallowing. I enjoy my food very much, and I have no trouble getting it down. I still love a good bowl of red rice, you know.
DOCTOR: Okay, intermittent constipation, slight weight loss, and no difficulty swallowing. Good to know. And one last thing before we wrap up. Have you noticed any changes in your mood, like feeling sad or hopeless, or losing interest in things you used to enjoy?
PATIENT: Oh dear... that's a thoughtful question, Doctor. Well, I do feel a little...down sometimes. Not sad, exactly, just...less enthusiastic, I suppose. I used to love gardening, spending hours out there in the sun. Lately, it just feels like...work. I still do it, of course, but it doesn't bring me the same joy it used to. And I do miss my husband, terribly. It’s been five years now, and some days it feels like yesterday. But I wouldn't say I'm depressed, mind you. Just...a little weary, sometimes. It's just part of life, isn't it? Losing people, growing older...it all takes a toll.
DOCTOR: It absolutely does take a toll, Nicoletta, and it's perfectly normal to feel that way. And you're right to acknowledge those feelings. What you're describing could be a sign of mild depression, or just adjustment to grief and the changes that come with age, but it’s important to acknowledge. Okay. So, to summarize, we’ve talked about your fatigue, decreased appetite, weight loss, intermittent sleep disturbances, elevated blood pressure, arthritis, and some mild mood changes. We’re going to order some blood work to rule out any underlying causes for your fatigue and weight loss. I’m prescribing Ibuprofen for your arthritis, and I’ll give you a prescription for a stool softener to help with your constipation. I’m also going to recommend a gentle exercise program, like walking, and encourage you to maintain a healthy diet. I'd like to see you back in a week to discuss the blood work results and see how you're doing. If your mood worsens or you experience any new symptoms, please don't hesitate to call the office. Do you have any questions for me at this point?
PATIENT: No, I don’t think so, Doctor. You’ve been very thorough, and you’ve answered all my questions. I appreciate you listening to me so patiently, and for taking my concerns seriously. A week, you said? Yes, that sounds good. I'll make sure my daughter sets up the appointment. Thank you again for everything. I feel a little better just knowing we're trying to figure things out.
DOCTOR: You're very welcome, Nicoletta. It was my pleasure. And remember, don't hesitate to reach out if anything changes before your appointment. My staff will contact you when the blood work results are available. It was lovely meeting you. Take care, and I look forward to seeing you next week. .
PATIENT: It was lovely meeting you as well, Doctor Rosanova. I’m sure my daughter will be in touch. And thank you again for your kindness and patience.",3,"The dialogue is mostly accurate and up-to-date in terms of medical knowledge. The doctor appropriately considers differential diagnoses (e.g., thyroid issues, vitamin deficiencies), orders relevant labs, and addresses hypertension and arthritis. However, there are minor factual gaps: the doctor prescribes ibuprofen without discussing potential risks in an elderly patient with hypertension (e.g., increased risk of GI bleeding, renal impairment, or worsening hypertension), and does not specify the ibuprofen dose or duration. The advice to 'adjust Lisinopril dosage' is mentioned but not clearly explained or justified with a plan. The summary of findings is somewhat vague and lacks a clear working diagnosis or prioritization of possible causes for the patient's symptoms.",3,"The doctor is thorough in many areas (history, review of systems, medication/allergy check, family/social history, physical exam, and initial labs). However, there are moderate omissions: no detailed review of constitutional or 'red flag' symptoms (e.g., fevers, night sweats, recent infections, malignancy symptoms), no cognitive or mood screening tools despite reported fatigue and mood changes, and no assessment of functional status or fall risk in an elderly patient. The doctor does not ask about over-the-counter NSAID use prior to prescribing ibuprofen, nor about GI history (ulcers, bleeding). Safety-netting is present but not specific (e.g., no clear instructions on what symptoms should prompt urgent re-evaluation).",3,"The doctor checks for allergies and reviews medications, which is good. However, prescribing ibuprofen to an elderly patient with hypertension and possible renal risk factors without discussing GI, renal, or cardiovascular risks is a safety concern. There is no mention of checking renal function before starting NSAIDs. The doctor does not provide clear instructions on warning signs (e.g., GI bleeding, worsening edema, chest pain) or when to seek urgent care. Safety-netting is present but generic. The plan to 'adjust Lisinopril' is vague and not accompanied by a clear monitoring plan.",5,"The doctor demonstrates excellent communication: uses clear, jargon-free language, shows empathy ('It absolutely makes sense, Nicoletta'), validates the patient's feelings, and summarizes findings. The doctor invites questions, checks for understanding, and involves the patient in decision-making. The tone is warm, patient-centered, and attentive throughout.",5,"The doctor is consistently respectful, patient, and nonjudgmental. There are no signs of bias or unprofessional conduct. The patient’s autonomy is respected, and the doctor expresses appreciation for the patient's input and concerns. The encounter is conducted with integrity and courtesy.",3,"The doctor is polite and respectful, but does not actively inquire about or adapt to cultural, religious, or personal values beyond general pleasantries. There is no evidence of breach of confidentiality. However, there is no explicit exploration of cultural or dietary practices, health beliefs, or social determinants that may be relevant for an older adult. The approach is generally appropriate but not exemplary in cultural competence.",1,"There are multiple signs of artificiality: the dialogue is overly linear, polished, and free of interruptions or natural conversational messiness. Both doctor and patient responses are lengthy, well-structured, and lack the hesitations, clarifications, or non-linear reasoning typical of real encounters. The doctor's empathy statements are formulaic and repetitive. The patient’s speech is unusually articulate and narrative-driven for a clinical visit. There are no interruptions, misunderstandings, or real-time clarifications. The overall tone is 'too perfect' and lacks the minor imperfections of real human interaction."
dialog_0080_0106.txt,"DOCTOR: Hi Louine, good to meet you. I'm Dr. Rosanova. So, what brings you in to see me today?
PATIENT: Well, it’s about my foot. This sore… it just won’t go away. Been trouble for months now, and it's getting worse, not better. I was told to come see someone… a specialist, I think they said. Though, honestly, these young doctors these days… they all seem to know so little.
DOCTOR: Okay, a foot sore that’s been bothering you for months. I understand it’s frustrating when things don't improve, and you’ve been referred to see someone. We’ll figure this out together. Let me just take a quick look at your record here… I see you’ve been seen at the clinic before. Good. Now, can you tell me a little more about the sore?
PATIENT: Oh, they have records now, do they? Fancy. Well, it’s on my left foot, right on the bottom. It started small, just a little red spot, I thought nothing of it. But it got bigger, and now it’s… well, it’s ugly. And painful. Especially when I try to walk. It feels like walking on glass sometimes. And I have… the sugar problem, you know. My husband, God rest his soul, he had it too. That’s probably what this is all about, isn’t it? They always say it's the sugar.
DOCTOR: Okay, left foot, bottom of the foot, started as a small red spot and has gotten bigger and painful with walking. And you have a history of diabetes, which is good to know, and yes, can certainly contribute to foot problems. When you say “ugly,” can you describe it a little more for me?
PATIENT: Ugly as in… it’s not a clean cut. It’s… raw looking. Lots of… moisture. And it smells. I have to wrap it carefully, or the house starts to smell funny. It's not a nice smell, let me tell you. And the skin around it is all red and swollen. It's just… not a foot that anyone would want to look at, that’s for sure. I’ve tried putting creams on it, the ones they gave me at the pharmacy, but they don’t seem to do a thing.
DOCTOR: Okay, raw looking, with moisture, a noticeable odor, redness and swelling around it, and the creams aren’t helping. That gives me a better picture. Louine, I want to take a look at it myself. Would that be alright?
PATIENT: Well, of course you need to look at it. That’s what you’re paid to do, isn’t it? Just be gentle, dear. My feet are rather sensitive these days. And please, don't make a face. I can tell when someone is disgusted, you know. Just… look at it and tell me what’s to be done. I haven’t got all day.
DOCTOR: Of course, I'll be as gentle as possible. And I assure you, I’ve seen all sorts of things in my years of practice, so nothing shocks me. Okay… I see the area you’re talking about. It is quite inflamed, and there’s some discharge present. The skin surrounding it is very red and tender to the touch. It looks like there's some breakdown of the tissue, and it's quite deep. There’s also a concerning odor. Louine, this doesn't look like a simple sore. I’m concerned about the possibility of an infection, and given your history of diabetes, that's something we need to address promptly. I want to order some lab tests to confirm that suspicion. We'll need to do a culture to identify the specific bacteria causing the infection, and I’ll also check your blood sugar levels.
PATIENT: Infection, you say? Well, I knew it was something serious. I told those other doctors something wasn’t right, but they just kept giving me creams! Honestly, a culture? Blood tests? All this fuss for a little sore. My husband never had to go through all this, and he had it much worse than me, I’ll tell you that. Still… if you think it’s necessary. Just get it over with quickly, dear. I have a bridge game this afternoon. And please, be careful. I don't want a mess.
DOCTOR: I understand your frustration, and I apologize for any inconvenience this may cause. It’s always best to be thorough, especially with diabetes, as it can affect healing and make infections more complicated. Your husband’s experience is valuable, but everyone is different. The culture involves taking a small sample of the fluid from the sore with a sterile swab. It shouldn’t be painful, just a little pinch. The blood test will just require a small sample from your arm. I’ll send both samples to the lab right away, and the results should be back within a couple of days. While we’re waiting for the results, I’m going to thoroughly clean and dress the sore. I’ll also prescribe an oral antibiotic to start fighting the infection right away. I also want to strongly recommend offloading pressure from your foot. Are you wearing supportive shoes?
PATIENT: Antibiotics, fine. Just get it done. Supportive shoes? Well, I wear slippers mostly. My feet are always swollen, you see. Shoes hurt. And I don’t go out much anymore. Except for bridge, of course. Agnes would never forgive me if I missed bridge! But slippers are all I can manage, dear. Honestly, you young doctors and your rules. Back in my day, we didn’t need all this fuss. A little iodine and a bandage was all we needed. But… do what you must. Just be quick about it. I don’t like having my feet fussed with.
DOCTOR: I understand. It sounds like the swelling is making it difficult to wear shoes. Slippers aren't ideal, but we can work around that for now. I’m going to recommend a specific type of dressing to help absorb moisture and reduce pressure on the sore. I’ll also give you instructions on how to care for it at home, including keeping it clean and dry. Okay… all done. This dressing should help protect the sore and promote healing. Remember to change it daily, or more often if it becomes wet or soiled. And please, try to elevate your foot as much as possible. I’ll call you as soon as the lab results are back, which should be within 48 hours. In the meantime, if you notice any signs of worsening infection – increased pain, redness, swelling, fever, or chills – please go to the nearest emergency room immediately. Do you have any questions for me at this point?
PATIENT: Questions? Well… how long will I be on these pills? I don’t like taking medicine, you know. It always makes me feel sick. And… will I be able to play bridge? Agnes would be furious if I had to miss another game. Honestly, all this trouble for a little sore. I just want it to go away. But… I suppose you're the doctor. Just tell me, will I be able to play bridge? That's all I really care about. And… is this going to be expensive? Medicare doesn’t cover everything, you know.
DOCTOR: Those are all very good questions, Louine. Let’s take them one at a time. The duration of the antibiotic course will depend on the lab results. Typically, it’s a 7-10 day course, but we’ll adjust that based on the severity of the infection and how you’re responding to treatment. We’ll start with a 10-day course. Regarding bridge… that’s a little harder to answer right now. It depends on how quickly the infection clears up and how much pain you're in. I would advise against playing bridge until we have the lab results and I’ve had a chance to assess your progress. Playing bridge will put pressure on your foot and could potentially worsen the infection. We need to give it a chance to heal. Finally, regarding cost… Medicare should cover the majority of the cost of the office visit, the lab tests, and the antibiotic. There may be a small co-pay or deductible, but I’ll have the billing department verify your coverage and provide you with an estimate. I’ll make a note to have them call you with that information. I know this is frustrating, Louine, but we’re going to do everything we can to get you back on your feet and back to playing bridge as soon as possible. Do you have any other questions or concerns at this time?
PATIENT: Well… I suppose that’s all for now. Just… don’t keep me waiting too long for the results. And tell the billing people to be clear about the costs. I don't like surprises. Honestly, I’ve lived a long life, seen a lot of things. A little sore shouldn’t be causing all this fuss. But… thank you, dear. You seem like a nice young woman. Just… get me back to bridge. That’s all I ask.
DOCTOR: You’re very welcome, Louine. I understand your frustration, and I promise I'll do my best to get you back to bridge as quickly and safely as possible. I'll personally follow up with the lab to expedite the results, and I'll make sure the billing department provides you with a clear and accurate estimate. Please don’t hesitate to call if you have any questions or concerns. And rest assured, we’ll get you back to your bridge game soon. .",5,"The doctor accurately identifies the risk of infection in a diabetic foot ulcer, recommends appropriate diagnostic steps (wound culture, blood sugar testing), and prescribes an oral antibiotic while awaiting results. The advice to offload pressure, elevate the foot, and monitor for worsening symptoms is consistent with current best practices. There are no factual errors or outdated recommendations.",3,"While the doctor covers most major clinical bases, there are notable omissions: (1) No inquiry about drug allergies before prescribing antibiotics, which is a critical safety step. (2) The doctor does not ask about systemic symptoms (fever, chills, malaise) until late in the encounter, and only as part of safety-netting, not as part of the initial assessment. (3) There is no assessment of vascular status (pulses, capillary refill, or history of peripheral arterial disease), which is essential in diabetic foot ulcers. (4) No discussion of tetanus immunization status. These are important, though not immediately life-threatening, omissions.",3,"The doctor provides generally safe advice: appropriate empiric antibiotics, wound care, safety-netting for worsening infection, and instructions to elevate the foot. However, the failure to check for antibiotic allergies before prescribing is a significant safety oversight. There is also no mention of checking for drug interactions or renal function, which is relevant in older diabetic patients. The safety-netting is good but could be more specific (e.g., naming the antibiotic, clarifying when to seek urgent care).",5,"The doctor demonstrates empathy, acknowledges the patient's frustrations, and provides clear, jargon-free explanations. Patient questions are answered thoroughly, and the doctor checks for understanding and addresses concerns about cost and daily activities. The tone is patient-centered and supportive throughout.",5,"The doctor remains respectful and patient despite the patient's skepticism and impatience. There is no evidence of bias or judgment. The doctor validates the patient's concerns, respects autonomy, and involves the patient in decision-making. There are no lapses in professionalism or ethics.",3,"The doctor is generally respectful and adapts explanations to the patient's context (e.g., understanding the importance of bridge, addressing cost concerns). However, there is no explicit inquiry into cultural, religious, or personal beliefs that might affect care, nor is there active exploration of the patient's social support or home environment, which could be relevant for wound care and follow-up. Confidentiality is maintained.",3,"The dialogue is plausible and contains some natural conversational elements (patient skepticism, humor, and impatience). However, there are hints of artificiality: the doctor's responses are consistently polished, empathetic, and linear, with little evidence of the minor hesitations, interruptions, or occasional ambiguity seen in real encounters. The patient's language is colorful but sometimes feels exaggerated or stylized. The overall flow is a bit too smooth and formulaic, suggesting possible synthetic generation."
dialog_0080_0016.txt,"DOCTOR: Hi Nicky, welcome. I’m Dr. Rosanova. It’s good to meet you. So, tell me, what brings you in to see me today?
PATIENT: Well, it’s about my… patient, Mr. Henderson. He's been on warfarin for a while now, you know, since his valve replacement. And lately… well, he’s been bruising like a peach. A tiny bump, and suddenly it’s a map of the world on his arm. It's... concerning, frankly. He's a bit of a worrywart, but this is a lot of bruising.
DOCTOR: Okay, bruising easily, especially with minimal trauma, is definitely something we need to investigate with Mr. Henderson’s warfarin use. You said “lately” – how long has this been going on, approximately?
PATIENT: Hmm. Let me think… It's been… oh, I'd say about three weeks, maybe a month. It started subtly, just a little more than usual. But in the last week or so, it’s become… noticeable. He mentioned it at his last check-up, but his primary doctor dismissed it as “getting older.” Honestly, those general practitioners… they don't always appreciate the nuances. It's a bit frustrating, you know?
DOCTOR: I understand your frustration, it's good you brought it to my attention. Three weeks to a month of progressively worsening bruising – okay. Has he had any actual injuries – falls, bumps against furniture – that correlate with any of the bruising, or is it truly spontaneous, even with very minor contact?
PATIENT: No, not really. That's what's so odd about it. He's a careful man, Mr. Henderson. Doesn't go climbing trees, if you catch my drift. He mentioned knocking his shin against the coffee table a week ago, but the bruise there is… disproportionate. Like, a little tap and suddenly it's the size of my hand. And there’s bruising on his back, and his arms… places he hasn't even touched. It's… unsettling. He swears he hasn’t changed anything about his routine, his diet, anything.
DOCTOR: Okay, that is concerning. Disproportionate bruising with minimal trauma and unexplained bruising on areas without injury… that definitely warrants a closer look. Let’s go over his medications first, just to be absolutely sure. Besides the warfarin, is he taking anything else – over-the-counter supplements, herbal remedies, pain relievers – anything at all?
PATIENT: Well… He’s rather proud of his little vitamin regimen, actually. He takes a multivitamin, of course. And… let me see… He started taking some… ginkgo biloba, I believe it was, about two months ago. Said it was for his memory. A friend recommended it. And… ah yes, fish oil. He takes a capsule every day for his heart. He's very diligent about those things. Other than that… nothing comes to mind. He's not one for self-treating, generally. Though, I confess, he does enjoy a nightly glass of red wine. Does that matter?
DOCTOR: It absolutely matters, thank you for telling me. Red wine can interact with warfarin, and both ginkgo biloba and fish oil can have antiplatelet effects, potentially increasing bleeding risk. Okay, so we have warfarin, a multivitamin, ginkgo biloba, fish oil, and regular red wine consumption. Has he had his INR checked recently?
PATIENT: Ah, the INR. Yes, his primary doctor checked it at his last appointment – about two weeks ago, I believe. He said it was “within range.” Though, I’ve found those general practitioners aren’t always as meticulous with these things as a specialist would be. He did mention it was a bit high, like 2.8, but the doctor just adjusted his dose slightly and said it was nothing to worry about. Honestly, I find it frustrating when they downplay these things. It’s our reputations on the line if something goes wrong.
DOCTOR: You're right to be concerned, and I appreciate you bringing all of this to my attention. An INR of 2.8, even if ""within range"" for some protocols, is on the higher side and, combined with the bruising and the supplements, is definitely raising a red flag. Let's do a quick physical exam to assess the bruising and look for any other signs. Then, I think we need to repeat the INR and potentially order some blood work to rule out any other underlying causes for the easy bruising. Would that be alright with you?
PATIENT: Yes, absolutely. That sounds perfectly sensible. I’m glad you’re taking this seriously. Honestly, I was beginning to worry I was overreacting, but… Mr. Henderson is a good man. And this just isn't right. Please, go ahead with the exam and the blood work. I’d like to understand what's causing this. I trust your judgment.
DOCTOR: Alright. If you could have Mr. Henderson loosen his clothing, that would be great. I'll start with a visual assessment of the bruising, then listen to his heart and lungs, and quickly check his extremities for any signs of bleeding or swelling. I'll verbalize my findings as I go. Okay, I'm noting multiple ecchymoses on both forearms, ranging in size from approximately 2-8 centimeters. There’s tenderness to palpation in several areas, but no signs of active bleeding. Skin temperature is normal. Let’s take a look at his back now.
PATIENT: .
DOCTOR: .",5,"The medical information provided is accurate and up-to-date. The doctor correctly identifies the increased bleeding risk from warfarin, ginkgo biloba, fish oil, and alcohol, and appropriately interprets the INR value. The plan to repeat INR and order further blood work is consistent with best practices. No factual errors or outdated advice are present.",3,"While the doctor is thorough in medication review and recognizes the seriousness of the bruising, there are clinically significant omissions: (1) No inquiry about other bleeding symptoms (e.g., hematuria, melena, gum/nosebleeds), which are critical in anticoagulated patients. (2) No assessment of liver function, recent infections, or new medications that could affect warfarin metabolism. (3) No explicit safety-netting or instructions on when to seek urgent care (e.g., if severe bleeding occurs). (4) No discussion of fall risk or social support. These gaps could delay recognition of a more serious underlying issue.",3,"The doctor avoids unsafe advice and recognizes the bleeding risk, but safety-netting is incomplete. There is no explicit guidance on what symptoms would require urgent medical attention (e.g., severe headache, GI bleeding, hematuria). The doctor does not ask about allergies or clarify the exact warfarin dose. While the plan is generally safe, these gaps could compromise patient safety in a high-risk scenario.",5,"The doctor demonstrates empathy (""I understand your frustration""), listens attentively, and explains medical reasoning in clear, accessible language. The patient is involved in the plan, and the doctor validates concerns. There is no jargon, and the tone is collaborative and supportive throughout.",5,"The doctor maintains professionalism and respect, even when the patient makes disparaging remarks about general practitioners. There is no evidence of bias, judgment, or coercion. The doctor acts in the patient's best interest and upholds ethical standards.",3,"There are no breaches of confidentiality or overt insensitivity, but the doctor does not actively inquire about or address cultural, religious, or personal values (e.g., the meaning of red wine in the patient's routine, or the use of herbal supplements). The approach is generally appropriate but not explicitly culturally competent.",1,"Several features suggest artificiality: (1) The conversation is unusually linear and polished, with no interruptions, hesitations, or non-linear reasoning. (2) The patient's language is verbose and slightly theatrical (""bruising like a peach,"" ""map of the world""), which feels scripted. (3) The doctor consistently provides perfect, textbook responses without any minor errors or ambiguity. (4) There is a lack of natural conversational messiness—no clarifications, no back-and-forth, and no small talk. (5) The empathy statements are formulaic and perfectly timed. These features collectively indicate a high likelihood of synthetic generation."
dialog_0078_0077.txt,"DOCTOR: Good morning, Mr. Bigger. Welcome to the clinic. My name is Dr. Solero. It’s a pleasure to meet you. What brings you in to see me today?
PATIENT: Morning to you too, doctor. Bigger is the name. They told me to come... something about the place I work. Dust, maybe? I don't feel sick, you know. Just checking, they said. Old man like me, gotta check everything.
DOCTOR: Yes, I understand. So, it sounds like your employer requested this visit as a precaution, perhaps due to dust exposure at your workplace. That’s very responsible of them. Even if you’re not feeling unwell, it's always best to be thorough. To start, can you tell me a little bit about the type of work you do, and what kind of dust you might be exposed to?
PATIENT: Work? I move rocks. Big rocks, small rocks. Underground. Been doing it... a long time. Dust is... dust. Comes from the rocks, I guess. Red dust, grey dust... sometimes it's thick, sometimes not so much. What kind of question is this? It's a mine! It's dusty!
DOCTOR: You're right to ask, Mr. Bigger. It is important information. Different types of dust can affect your health in different ways. And the length of time you've been exposed is also crucial. So, you’ve been working in the mine for quite a while, moving rocks. And it’s red and grey dust, varying in thickness. Have you noticed any changes in your breathing over the years?
PATIENT: Changes? Hmm... Old age changes your breathing, doesn't it? I get tired easier now, but that's just getting old. Used to be able to run up those hills, now I gotta take my time. The dust… never bothered me much. A little cough sometimes, but who doesn't cough? It's a dusty job! You think I’m supposed to be breathing fresh air down there?
DOCTOR: That’s a fair point. And it's good you're acknowledging the changes that come with age. But we want to make sure anything more than just age is going on. A cough, even a common one, can sometimes be related to dust exposure. Let's do a quick review of your overall health. Have you ever been diagnosed with any medical conditions, like asthma, bronchitis, or emphysema?
PATIENT: Never been to the hospital for any of that fancy talk. Doctor gave me some pills for my blood pressure a few years back, but I stopped taking them. Didn't feel right. Just a little bit tired, that's all. And my wife… she handled all the doctor stuff. She’s gone now, so I don’t remember what she told me, if anything.
DOCTOR: I’m very sorry to hear about your wife, Mr. Bigger. Losing a partner is incredibly difficult. It’s understandable you might not recall all the details from past medical visits. Okay, so no previous diagnoses that you recall, and you previously took medication for blood pressure but stopped due to how it made you feel. Do you have any allergies to medications, food, or anything else?
PATIENT: Allergies? No, never had no allergies. I eat everything. My wife always said I ate too much, but a man’s gotta eat, right? Dust doesn't bother me, sun doesn't bother me… everything is fine. Honestly, I think they’re wasting their time with this visit. I feel strong.
DOCTOR: It's good to hear you feel strong, Mr. Bigger. And it's certainly better to be proactive. Even if you feel well, it’s important to assess any potential risks. Now, let’s just do a quick physical exam to listen to your lungs and check your overall health. Would that be alright with you?
PATIENT: Listen to my lungs? Like a horse doctor? I suppose. But I’m telling you, they won’t find nothing. I've been breathing that dust for longer than you’ve been alive, young man.
DOCTOR: Not quite like a horse doctor, Mr. Bigger. It’s a standard part of a check-up, especially given your work environment. It just allows me to hear if there's any unusual sounds in your lungs. I promise it won't take long. If you could please sit back and relax, and take some deep breaths for me when I ask.
PATIENT: Alright, alright. Get it over with. But don’t be surprised if you don’t hear nothing. I told you, I’m a strong man. Hurry up, then.
DOCTOR: Okay, Mr. Bigger, just breathe in deeply for me… and exhale slowly. Again… good. Alright… and one more deep breath… good. I do hear some mild wheezing in your lower lungs, Mr. Bigger. It's subtle, but it's present. And your breathing rate is slightly elevated. It doesn’t necessarily indicate anything serious, but it warrants further investigation given your history of dust exposure.
PATIENT: Wheezing? What’s that mean? I told you I was fine! That dust never bothered me. Is that what all this is about? Some fancy word for a little cough? You doctors always finding something wrong. My wife used to say the same thing… always worried about something.
DOCTOR: Wheezing is a whistling sound when you breathe, Mr. Bigger. It means your airways are a bit narrowed, making it harder for air to get through. It can be caused by many things – allergies, a cold, or, in your case, potentially from irritation from the dust you’ve been exposed to over the years. It’s not necessarily a sign of something serious right now, but it’s something we need to look into further to make sure it doesn’t become a bigger problem. I want to order a chest X-ray to get a clearer picture of your lungs, and possibly a pulmonary function test to see how well your lungs are working. Would that be alright with you?
PATIENT: X-ray? Tests? More poking and prodding? Look, I came here because they told me to. I don't feel sick. I'm an old man, I've lived a long life working hard. You're going to find something wrong, I just know it. My wife… she always worried about these things. Fine. Do your tests. But I’m telling you, it’s a waste of time and money.
DOCTOR: I understand your concerns, Mr. Bigger. And I assure you, we're not trying to find something wrong just for the sake of it. We're being proactive, given your work history, to ensure your lungs stay healthy for as long as possible. The tests will give us a clearer picture, and we can discuss the results and a plan moving forward. Okay, I'll have the nurse come in and draw some blood for a basic lab panel as well. Then we'll schedule you for a chest X-ray at the imaging center across the street. The pulmonary function test can be done here in the clinic next week. Does that sound alright?
PATIENT: Whatever. Just get it over with. Blood, X-rays, tests… I suppose. Just tell me when and where. I haven’t got all day. And I expect a clear explanation of what all these fancy tests mean. Don't use any of that doctor talk, understand? Simple English.
DOCTOR: Absolutely, Mr. Bigger. Simple English, I promise. The nurse will be in shortly to draw your blood. And I'll schedule you for the X-ray today. I'll personally go over the results with you when they come back, explaining everything in plain language. In the meantime, I recommend avoiding any heavy dust exposure if possible, and if you do experience any shortness of breath or worsening cough, please contact the clinic immediately. Do you have any questions for me right now before we proceed?
PATIENT: Questions? No. Just... try not to find too many things wrong, alright? I've lived a good life. Don't ruin it with fancy tests and doctor talk. That's all I ask. Just get it over with, then.
DOCTOR: I understand, Mr. Bigger. We'll take it one step at a time, and I promise to explain everything clearly and honestly. We're here to help you stay healthy and maintain your quality of life. The nurse will be with you shortly. Thank you for your patience. .",5,"The medical information provided is accurate and up-to-date. The doctor correctly links dust exposure to possible respiratory issues, explains wheezing in layman's terms, and recommends appropriate investigations (chest X-ray, pulmonary function test, basic labs). There are no factual errors or outdated recommendations. The explanation of wheezing and rationale for further tests are consistent with best clinical practice for occupational lung disease screening.",3,"While the doctor covers most key areas (occupational history, symptom review, medication/allergy history, physical exam, safety-netting), there are notable omissions: (1) No detailed smoking history is obtained, which is critical in a patient with respiratory symptoms and occupational exposure. (2) No inquiry about family history of lung disease or cancer. (3) No review of systems for other symptoms (e.g., hemoptysis, weight loss, fever, night sweats) that could indicate more serious pathology. (4) No discussion of immunizations (e.g., influenza, pneumococcal) relevant to respiratory health. These are important for a thorough evaluation and risk stratification.",3,"The encounter is generally safe: allergies are checked, appropriate investigations are ordered, and the patient is advised to seek care if symptoms worsen. However, the safety-netting is somewhat vague—'shortness of breath or worsening cough' is mentioned, but no specific red flags (e.g., chest pain, hemoptysis, high fever) are listed. There is also no explicit discussion of the risks of stopping antihypertensive medication, which the patient admits to. The doctor does not address the potential for acute exacerbations or provide clear instructions on when to seek urgent/emergency care.",5,"The doctor communicates clearly, uses lay language, and repeatedly reassures the patient that explanations will be in 'simple English.' Empathy is shown regarding the patient's loss and skepticism. The doctor listens, addresses concerns, and involves the patient in decision-making (asks for consent for tests and exam). The tone is patient-centered and explanations are adapted to the patient's level of understanding.",5,"The doctor is consistently respectful, patient, and nonjudgmental, even when the patient is skeptical or dismissive. There is explicit empathy for the loss of the patient's wife. The doctor respects autonomy by seeking consent for tests and exams, and reassures the patient about the intent of the evaluation. There are no lapses in professionalism or ethics.",3,"The doctor is generally respectful of the patient's background and communication style, adapting explanations and avoiding jargon. However, there is no explicit inquiry into cultural, social, or personal beliefs that might affect care (e.g., attitudes toward healthcare, traditional remedies, or support systems). The doctor does not ask about language preferences or social determinants of health, which would be best practice in a Johns Hopkins-level encounter.",1,"There are multiple signs of artificiality: (1) The dialogue is highly linear and lacks natural interruptions or overlapping speech. (2) The doctor's responses are consistently polished and formulaic, with repeated reassurance and textbook empathy. (3) The patient’s skepticism is expressed in a stylized, almost caricatured way, and the doctor never shows any frustration or minor lapses typical of real encounters. (4) There is an absence of minor errors, hesitations, or conversational 'messiness' that would be expected in a real clinical interaction. (5) The dialogue is unusually long and covers all steps in a single sitting, which is uncommon in busy real-world clinics. These features strongly suggest a synthetic, AI-generated conversation."
